סוג,קטגוריה,ארגון,שם,תפקיד,מייל,טלפון,הערות,מקור
לקוח,עמותה,ארגון שוב״ל,עידית פודולר ראובני,,idit@shoval-net.org,,מתאמת מול וירג'יני. בחופש שבועיים מ-27/09,info.virpro
לקוח,עמותה,ארגון שוב״ל,צופיה אורן,,tzofia@shoval-net.org,,מאשרת סכומי התחייבות לפני חוזה,info.virpro
לקוח,עמותה,ארגון שוב״ל,שירן,,,,מרכזת תשלומים דרך קומיוניטי מ-27/09,info.virpro
לקוח,עמותה,ארגון שוב״ל,גאיה,,,,חפיפת תקציב,info.virpro
לקוח,משלם,קומיוניטי או (ע״ר),נהוראי ארדינסט עפרי,,nehoray@communityo.org,,המשלם של שוב״ל. ע״ר 580777894. רישום ספקים: communityo.app/supplier-register,info.virpro
לקוח,קרן / משלחות,Bertelsmann Stiftung,Claudia Baum-Jaumann,,claudia.baum-jaumann@bertelsmann-stiftung.de,,מודול ישראל נובמבר 2026. אנגלית,info.virpro
לקוח,קרן / משלחות,Bertelsmann Stiftung,Stefanie Schulz,,stefanie.schulz@bertelsmann-stiftung.de,,אנגלית,info.virpro
לקוח,קרן / משלחות,Bertelsmann Stiftung,Lidia Averbukh,,lidia.averbukh@bertelsmann-stiftung.de,,,info.virpro
לקוח,קרן / משלחות,Bertelsmann Stiftung,Shadi,,,,ארוחת ערב 19/11,info.virpro
שותף,הפקה,,אסנת מרון,,osnat.meron@gmail.com,,מכותבת בשרשורי ברטלסמן,info.virpro
לקוח,חברה,WeRIsrael (פרויקט J50),,,,,ח.פ. 510202757. יושבים בפארק בקיסריה,info.virpro
ספק,מלון,מלון דניאל הרצליה (תמרס),ארבל גבילי,,Arbel.Gvili@tamareshotels.co.il,,הצעה לשוב״ל 19-20/10. סיור מבוקש יום שלישי 10:30,info.virpro
ספק,מלון,תמרס,אסף מזרחי,,asaf.mizrahi@tamareshotels.co.il,,,info.virpro
ספק,מלון,תמרס,מגי לוי,,Maggie.Levy@tamareshotels.co.il,,,info.virpro
ספק,מלון,מלון השרון הרצליה,גרי קומינס,מנכ״ל,Garry@sharon.co.il,09-9525750,"אולם 3,000 ש״ח לפני מע״מ",info.virpro
ספק,מלון,מלונות דן — קבוצות,,,CG-Groups@danhotels.com,076-5311920,,info.virpro
ספק,מלון,דן ירושלים,שני גולדנברג,Sales Operation Manager,Shani.Goldenberg@danhotels.com,,,info.virpro
ספק,מלון,דן פנורמה ירושלים,סיגלית דגני,אירועים,Sigalit.Dgani@danhotels.com,,,info.virpro
ספק,מלון,דן פנורמה ירושלים,בתאל ממרן,אירועים ומזון,batel.mimran@danhotels.com,,,info.virpro
ספק,מלון,מלונות דן,אלונה סימקין,,Alona.Simkin@danhotels.com,,,info.virpro
ספק,מלון,מלונות דן,ליזי,,Lizi.Zo@danhotels.com,,,info.virpro
ספק,מלון,מלונות דן,אסף,,Asaf.Ajaj@danhotels.com,,,info.virpro
ספק,מלון,מלון שפיים,יפעת פוטש,מכירות אירועים עסקיים,events@shefhotel.co.il,052-2597384,מפגש הכפר 18/10,info.virpro
ספק,מלון,ישרוטל,יפעת אייזמן,,YifatE@isrotel.co.il,,כרמים / דרומה,info.virpro
ספק,מלון,ישרוטל,נאוה צפניה,,NavaT@isrotel.co.il,,,info.virpro
ספק,מלון,ישרוטל (כרמים),ליז ארביב,,LizAR@isrotel.co.il,,,info.virpro
ספק,מלון,כפר הנוקדים,אנה,הזמנות,Res3@khn.co.il,,,info.virpro
ספק,מלון,כפר הנוקדים,דבורה,הזמנות,res6@khn.co.il,,,info.virpro
ספק,מלון,C Hotels,אביגיל פינטו,,avigail@c-hotels.co.il,,נווה אילן / אלמונד,info.virpro
ספק,מלון,C Hotels,ענת סיאנס,,anat@c-hotels.co.il,,,info.virpro
ספק,מלון,פתאל,אדם רביב,מנהל מלון,AdamRav@fattal.co.il,,,info.virpro
ספק,מלון,פתאל,אנה צוציאשווילי,מרכז הזמנות קבוצות,AnnaTz@fattal.co.il,,,info.virpro
ספק,מלון,IC Hotels,אדר ברנר,,adar.br@ichotels.co.il,,,info.virpro
ספק,מלון,IC Hotels,אסף בן דב,,Asaf.be@ichotels.co.il,,,info.virpro
ספק,מלון,IC Hotels,איילת כהן שבו,,ayelet.c@ichotels.co.il,,,info.virpro
ספק,מלון,IC Hotels,עדי,,Adi.ba@ichotels.co.il,,,info.virpro
ספק,מלון,IHG תל אביב,,הזמנות,TLVHA.RSRV@ihg.com,,,info.virpro
ספק,מלון,מלון ממילא,,אירועים,Banquet@mamillahotel.com,,,info.virpro
ספק,מלון,Austrian Hospice,,משרד,office@austrianhospice.com,,חוזה חתום לברטלסמן,info.virpro
ספק,מקום אירועים,אירועים ברעננה ME,פז ארז,,,054-8075043,,info.virpro
ספק,מקום אירועים,ואלי אירועים,קרן,מנהלת מכירות עסקי,keren@valley-events.co.il,,,info.virpro
ספק,מקום אירועים,מצוקי דרגות,,,metzok.dragot@gmail.com,,,info.virpro
ספק,מקום אירועים,בית הנסן,,משרד,hansen@ranwolf.co.il,,,info.virpro
ספק,מקום אירועים,ארנון תדמור-לוי,טל,,,,חדרי ישיבות בת״א. גם aviv.r@arnontl.com,info.virpro
ספק,מקום אירועים,ארנון תדמור-לוי,אביב,,aviv.r@arnontl.com,,,info.virpro
ספק,פעילות,תא תרבות דה וינצ'י,איסי וינטר-אבקסיס,מנהלת,,,Ta Tarbut לברטלסמן 23/11,info.virpro
ספק,פעילות,AQUA KEF,עמי אוחיון,,info@aquakef.co.il,,,info.virpro
ספק,פעילות,TLV Show,אלון,,alon@tlvshow.com,,,info.virpro
ספק,פעילות,יד ושם,מרינה ביקלניצקי,,marina.bikelnitsky@yadvashem.org.il,,סיור באנגלית,info.virpro
ספק,פעילות,מרכז פרס,עמית ברנהרדט,,amit.b@peres-center.org,,,info.virpro
ספק,פעילות,מרכז פרס,עדי בבילה,צוות הזמנות,Bookingteam2@peres-center.org,,,info.virpro
ספק,קייטרינג,ביסקוטי,עינת מוסקוביץ,,catering4@biscotti.co.il,050-2204686,חשבונית מרכזת אחרי כל אירוע,info.virpro
ספק,קייטרינג,ביסקוטי,מלי,,mali@biscotti.co.il,,,info.virpro
ספק,מסעדה,גן סיפור,עדי נויוביץ',,,,,virginiemendel
ספק,דפוס ומיתוג,דף אור העתקות 2000 / כרמל פרינט,אביטל,,avital@dafor2000.co.il,04-8244414 שלוחה 218,"תגי שם, תוכניות, ביגים, שלטים, מחברות. הזמנות גם דרך dfus@dafor2000.co.il",info.virpro
ספק,דפוס ומיתוג,דף אור,,הזמנות,dfus@dafor2000.co.il,04-8244414,,info.virpro
ספק,דפוס ומיתוג,דף אור,,גרפיקה,graf@dafor2000.co.il,,,info.virpro
ספק,דפוס ומיתוג,דף אור,שרית בן יאיר,הנהלת חשבונות,sarit@dafor2000.com,,דוחות פתוחים וחשבוניות,info.virpro
ספק,דפוס ומיתוג,מאי מותג,,משרד,office@mymutag.com,,כובעים ממותגים,info.virpro
ספק,הסעות,גרשון טורס,אורית,,acc@gershon-tours.co.il,,מאירי בחו״ל עד סוף ספטמבר,info.virpro
ספק,הסעות,טיולי גילי,,הזמנות,office@gilitours.co.il,,,info.virpro
פנימי,כספים,באקה סאן,רועי נאור,מוציא חשבוניות,roynaor@gmail.com,,,info.virpro
פנימי,כספים,דוידוביץ ושות' רואי חשבון,עופר,רואה חשבון,,,דיווחי מע״מ ודוח שנתי. מקבל חשבוניות מ-virginiemendel,virginiemendel
פנימי,הפקה,,שירית כהן,,,,מחליפה אותה מול הדפוס כשהיא בחו״ל,info.virpro
